{"cameraMode":{"drawMode":0,"name":"Shaded","section":"Shading Mode"},"sceneLighting":false,"audioPlay":false,"sceneViewState":{"m_AlwaysRefresh":false,"showFog":true,"showSkybox":false,"showFlares":true,"showImageEffects":true,"showParticleSystems":true,"showVisualEffectGraphs":true,"m_FxEnabled":true},"in2DMode":false,"pivot":{"x":0.590620756149292,"y":2.0187809467315676,"z":5.53000020980835},"rotation":{"x":-0.6714884638786316,"y":0.0033314016181975605,"z":-0.003021125914528966,"w":-0.7410239577293396},"size":1.032751441001892,"orthographic":false}